0,-0.00323403
2500,-0.000872834
5000,0.00333143
6250,0.00360937
8750,0.000944782
11250,0.104831
12500,-0.00152999
15000,0.00167969
17500,0.000815071
18750,0.0613428
21250,0.00130745
23750,0.00067931
25000,0.0436337
27500,0.00328004
30000,0.0581115
31250,0.00577674
33750,0.000417404
36250,0.098019
37500,0.119113
40000,0.086678
42500,0.00126517
43750,0.0047678
46250,0.00994366
48750,0.0809076
50000,0.0614349
52500,-9.80037e-06
55000,0.0758307
56250,0.00423771
58750,0.11884
61250,0.0965845
62500,0.000160051
65000,0.060077
67500,0.00401345
68750,0.00323441
71250,0.112498
73750,0.00286704
75000,0.00202336
77500,0.00164247
80000,0.0563689
81250,0.00405261
83750,0.132996
86250,0.084028
87500,0.00513287
90000,0.00264203
92500,0.00072126
93750,0.00632074
96250,0.0833964
98750,0.118811
100000,0.026468
102500,0.0090213
105000,0.00272251
106250,0.0719007
108750,0.0927959
111250,0.0349253
112500,0.0105847
115000,0.00935478
117500,0.00685218
118750,0.104847
121250,0.00279826
123750,0.00459069
125000,0.0732009
127500,0.0122428
130000,0.0430302
131250,0.00447836
133750,0.00186124
136250,0.078362
137500,0.00127895
140000,0.0436703
142500,0.0409216
143750,0.0611228
146250,0.0602897
148750,0.00368154
150000,0.00583601
152500,0.000758443
155000,0.0835822
156250,0.00140429
158750,0.130806
161250,0.0548183
162500,0.0410693
165000,0.0180739
167500,0.0413165
168750,0.0914733
171250,0.000551685
173750,0.027338
175000,0.115444
177500,0.0520744
180000,0.00738696
181250,0.00446423
183750,0.00231666
186250,0.0556095
187500,0.102673
190000,0.000230812
192500,0.0022058
193750,0.00837719
196250,0.00389738
198750,0.0673493
200000,0.136777
202500,0.038662
205000,0.149654
206250,0.0071861
208750,0.00420564
211250,0.102007
212500,0.0024505
215000,0.00543651
217500,0.0560306
218750,0.00406461
221250,0.0369031
223750,0.0115079
225000,0.0365849
227500,0.0436239
230000,0.0261139
231250,0.0379101
233750,0.0540027
236250,0.0862821
237500,0.118736
240000,0.00401411
242500,0.00406581
243750,0.000608937
246250,0.0109548
248750,0.0173207
250000,0.00279826
252500,0.00348798
255000,0.015853
256250,0.183128
258750,0.00193299
261250,0.131139
262500,0.00470601
265000,0.00331347
267500,0.118291
268750,0.000751045
271250,0.00383512
273750,0.0946453
275000,0.00119079
277500,0.119583
280000,0.00213994
281250,0.0521713
283750,0.00539564
286250,0.00340781
287500,0.0746266
290000,0.00209007
292500,0.145011
293750,0.00303861
296250,0.0933003
298750,8.02278e-06
300000,0.103454
302500,0.0029538
305000,0.0822171
306250,0.0389249
308750,0.0427089
311250,0.0228474
312500,0.13059
315000,0.0454417
317500,0.0976073
318750,0.00215006
321250,0.068314
323750,0.116062
325000,0.118557
327500,0.0668622
330000,0.0225808
331250,0.00385421
333750,0.102886
336250,0.00526492
337500,0.133384
340000,0.0819596
342500,0.00366348
343750,0.00362224
346250,0.00336575
348750,0.0503335
350000,0.0546451
352500,0.01723
355000,0.00397043
356250,0.00401552
358750,0.00303642
361250,0.00335594
362500,0.0978302
365000,0.00249688
367500,0.0909755
368750,0.0429752
371250,0.000933569
373750,0.0575961
375000,0.0970397
377500,0.050872
380000,0.115794
381250,0.00775651
383750,0.0812493
386250,0.000743133
387500,0.0314799
390000,0.0201845
392500,0.0819724
393750,0.0668724
396250,0.0699906
398750,0.111495
400000,0.00220698
402500,0.039707
405000,0.0664259
406250,0.0579969
408750,0.000776899
411250,0.053088
412500,0.076357
415000,0.0864516
417500,0.00388175
418750,0.00488219
421250,0.00635173
423750,0.0288553
425000,0.00356725
427500,0.0645996
430000,0.00193771
431250,0.0815987
433750,0.000683775
436250,0.0144524
437500,0.142552
440000,0.0365577
442500,0.0156281
443750,0.00617897
446250,0.127315
448750,0.0946574
450000,0.0570638
452500,0.00529115
455000,0.112913
456250,0.0770485
458750,0.0963884
461250,0.10903
462500,0.0844888
465000,0.073615
467500,0.0949329
468750,0.00104298
471250,0.000188411
473750,0.101799
475000,0.000655248
477500,0.100582
480000,0.0286774
481250,0.0638622
483750,0.0963842
486250,0.158018
487500,0.00355747
490000,0.00075843
492500,0.0685143
493750,0.0895834
496250,0.0267182
498750,0.0725322
500000,0.0111241
502500,0.00161374
505000,0.150166
506250,0.0373939
508750,0.00134948
511250,0.0328249
512500,0.010317
515000,0.106507
517500,0.0365322
518750,0.0931146
521250,0.00306998
523750,0.0634072
525000,0.00246714
527500,0.123201
530000,0.00111018
531250,0.0999871
533750,0.000281209
536250,0.00177858
537500,0.000136064
540000,0.0752299
542500,0.00248212
543750,0.0658518
546250,0.0878608
548750,0.0626984
550000,0.0943142
552500,0.091665
555000,0.109713
556250,0.0458327
558750,0.12597
561250,0.119423
562500,0.0706992
565000,0.0568291
567500,0.0555686
568750,0.0417898
571250,0.0713535
573750,0.0826728
575000,0.00268167
577500,0.00197473
580000,0.000720378
581250,0.00318101
583750,0.0471079
586250,0.00458584
587500,0.0567452
590000,0.00691944
592500,0.122489
593750,0.00229086
596250,0.0530719
598750,0.0697096
600000,0.00780481
602500,0.0463286
605000,0.0115489
606250,0.105537
608750,0.0215418
611250,0.00203065
612500,0.00839598
615000,0.0802641
617500,0.00314901
618750,0.0735718
621250,0.0035058
623750,0.100733
625000,0.00438029
627500,0.0638618
630000,0.134502
631250,0.134367
633750,0.0377785
636250,0.00322257
637500,0.0608913
640000,0.00817896
642500,0.00164465
643750,0.0591527
646250,0.00253358
648750,0.0509631
650000,0.00460762
652500,0.0391054
655000,0.00157874
656250,0.0889227
658750,0.00493392
661250,0.046139
662500,0.0314632
665000,0.129645
667500,0.00403424
668750,0.024196
671250,0.00147047
673750,0.000370971
675000,0.000891682
677500,0.00405174
680000,0.0532889
681250,0.100517
683750,0.00422064
686250,0.00681226
687500,0.000382663
690000,0.0153829
692500,0.0487603
693750,0.153357
696250,0.000270067
698750,0.0275922
700000,0.106384
702500,0.0667108
705000,0.147174
706250,0.00209415
708750,0.00677949
711250,0.0364443
712500,0.000115641
715000,0.146486
717500,0.0520398
718750,0.0104052
721250,0.00164432
723750,0.0583293
725000,0.08726
727500,0.000628801
730000,0.0400403
731250,0.127822
733750,0.0349754
736250,0.0800689
737500,0.113531
740000,0.00202939
742500,0.0380986
743750,0.0464124
746250,0.124016
748750,0.00394528
750000,0.00168867
752500,0.0228262
755000,0.0994226
756250,0.0856654
758750,0.121272
761250,0.00347739
762500,0.0286828
765000,0.00380597
767500,0.00123632
768750,0.0413638
771250,0.0392954
773750,0.0813375
775000,0.0915107
777500,0.0802045
780000,0.00556588
781250,0.00208178
783750,0.106327
786250,0.00100476
787500,0.013536
790000,0.00197234
792500,0.00211245
793750,0.154384
796250,0.0903338
798750,0.105619
800000,0.00206923
802500,0.00937009
805000,0.107325
806250,0.00358278
808750,0.0144202
811250,0.00521302
812500,0.00166369
815000,0.00236755
817500,0.0603854
818750,0.00195851
821250,0.0775811
823750,0.0308027
825000,0.0162689
827500,0.0289714
830000,0.00298641
831250,0.0763144
833750,0.00375777
836250,0.0889769
837500,0.000477142
840000,0.0489654
842500,0.0945823
843750,0.0520653
846250,0.0359627
848750,0.00670702
850000,0.00175384
852500,-1.76178e-05
855000,0.0418964
856250,0.137474
858750,0.0612723
861250,0.0564856
862500,0.0415851
865000,0.081026
867500,0.0547762
868750,0.00354591
871250,0.089016
873750,0.0535687
875000,0.108449
877500,0.0936875
880000,0.00198006
881250,0.00433716
883750,0.0892981
886250,0.00353071
887500,0.00707806
890000,0.054142
892500,0.0782527
893750,0.00196891
896250,0.0804014
898750,0.00528799
900000,0.0031692
902500,0.0903852
905000,0.00536951
906250,0.0850186
908750,0.00297936
911250,0.00848058
912500,0.0838734
915000,0.00409767
917500,0.0437063
918750,0.139722
921250,0.0978665
923750,0.0259387
925000,0.0857183
927500,0.0783979
930000,0.119306
931250,0.0813194
933750,0.0363951
936250,0.00222614
937500,0.0844306
940000,0.00200592
942500,0.0964348
943750,0.00388851
946250,0.0622051
948750,0.11538
950000,0.00562025
952500,0.0462945
955000,0.00552312
956250,0.0384649
958750,0.0213019
961250,0.111101
962500,0.0853976
965000,0.141546
967500,0.00245935
968750,0.0713183
971250,0.00275219
973750,0.00316634
975000,0.00977905
977500,0.105865
980000,0.072389
981250,0.00591017
983750,0.037689
986250,0.0409057
987500,0.00195893
990000,0.0414533
992500,0.0322172
993750,0.0052568
996250,0.10146
998750,-0.000368931
1000000,0.00229768
1002500,0.0797765
1005000,0.113149
1006250,0.110568
1008750,0.109988
1011250,0.00774459
1012500,0.000602521
1015000,0.0015528
1017500,0.122336
1018750,0.00795532
1021250,0.0028555
1023750,0.0048019
1025000,0.0773088
1027500,0.0479629
1030000,0.00301986
1031250,0.000615883
1033750,0.0994208
1036250,0.0022354
1037500,0.106472
1040000,0.0436634
1042500,0.0147526
1043750,0.000342476
1046250,-7.10169e-05
1048750,0.0296727
1050000,0.0933144
1052500,0.0233325
1055000,0.11523
1056250,0.1156
1058750,0.00215769
1061250,0.119408
1062500,0.0689757
1065000,0.0297072
1067500,0.0359658
1068750,0.00274542
1071250,0.00229902
1073750,0.0845545
1075000,0.0155245
1077500,0.00812658
1080000,0.00365604
1081250,0.108591
1083750,0.118185
1086250,0.0298071
1087500,0.00743569
1090000,0.127692
1092500,0.00100709
1093750,0.000585013
1096250,0.141727
1098750,0.0285637
1100000,0.0068444
1102500,0.0690008
1105000,0.0379982
1106250,0.0734767
1108750,0.00375123
1111250,0.062156
1112500,0.0101353
1115000,0.0757354
1117500,0.00602462
1118750,0.017196
1121250,0.0879957
1123750,0.0168983
1125000,0.0349483
1127500,0.184179
1130000,0.0743879
1131250,0.0037149
1133750,0.00313531
1136250,0.10992
1137500,0.09413
1140000,0.00431368
1142500,0.0734984
1143750,0.014018
1146250,0.00080493
1148750,0.00634047
1150000,0.0709161
1152500,0.0347443
1155000,0.0481766
1156250,0.0618858
1158750,0.00156126
1161250,0.138152
1162500,0.053152
1165000,0.0953233
1167500,0.00263964
1168750,0.00473213
1171250,0.0999859
1173750,0.00320104
1175000,0.146919
1177500,0.114392
1180000,0.00202691
1181250,0.00919114
1183750,0.000620144
1186250,0.00284726
1187500,0.0298319
1190000,0.0570747
1192500,0.00509646
1193750,0.00179269
1196250,0.00627107
1198750,0.00648805
1200000,0.104873
1202500,0.0781328
1205000,0.03948
1206250,0.0143714
1208750,0.0292124
1211250,-1.11401e-05
1212500,0.124552
1215000,0.00795288
1217500,0.00138495
1218750,0.0020399
1221250,0.140891
1223750,0.00293254
1225000,0.0332876
1227500,0.045708
1230000,0.0393006
1231250,0.147268
1233750,0.000420484
1236250,0.0445588
1237500,0.0210808
1240000,0.0775587
1242500,0.00616786
1243750,0.00496279
1246250,0.0125995
1248750,0.108334
1250000,0.00556457
1252500,0.00352348
1255000,0.068794
1256250,0.0712614
1258750,0.070136
1261250,0.00288028
1262500,0.0636102
1265000,0.0671936
1267500,0.00845999
1268750,0.00644306
1271250,0.00397018
1273750,0.00957453
1275000,0.000998166
1277500,0.00103045
1280000,0.0360804
1281250,0.00659812
1283750,0.00617964
1286250,0.00313349
1287500,0.00354593
1290000,0.00401209
1292500,0.0453324
1293750,0.000449942
1296250,0.1109
1298750,0.08723
1300000,0.00104644
1302500,0.000732629
1305000,0.136413
1306250,0.0556165
1308750,0.00154788
1311250,0.0046277
1312500,0.0583015
1315000,0.00238768
1317500,0.0912595
1318750,0.0127684
1321250,0.0845012
1323750,0.0287617
1325000,0.0348942
1327500,0.000667209
1330000,0.0998159
1331250,0.118042
1333750,0.00749921
1336250,0.00190507
1337500,0.0446675
1340000,0.12301
1342500,0.132545
1343750,0.088804
1346250,0.00669413
1348750,0.00479927
1350000,0.0829957
1352500,0.00317091
1355000,0.0510248
1356250,0.00426403
1358750,0.0987039
1361250,0.0796064
1362500,0.0809361
1365000,0.100205
1367500,0.00556071
1368750,0.100565
1371250,0.0944592
1373750,0.0407281
1375000,0.0647357
1377500,0.00165338
1380000,0.00605117
1381250,0.00997901
1383750,0.000756255
1386250,0.0517091
1387500,0.0621652
1390000,0.0303992
1392500,0.00789522
1393750,0.00361936
1396250,0.0132995
1398750,0.000884275
1400000,0.0802814
1402500,0.0608577
1405000,0.00699743
1406250,0.0046091
1408750,0.0722409
1411250,0.0208884
1412500,0.0458218
1415000,0.105106
1417500,0.0381403
1418750,0.0257052
1421250,0.000709604
1423750,0.0666831
1425000,0.00355363
1427500,0.00191096
1430000,0.127409
1431250,0.00368275
1433750,0.101103
1436250,0.0314368
1437500,0.00673642
1440000,0.00882092
1442500,0.0407237
1443750,0.0395252
1446250,0.0221183
1448750,0.0444885
1450000,0.0237056
1452500,0.00752986
1455000,0.000521265
1456250,0.0155445
1458750,0.0713406
1461250,0.0040193
1462500,0.0753153
1465000,0.00358699
1467500,0.00860932
1468750,0.00576947
1471250,0.0429639
1473750,0.0403305
1475000,0.00622517
1477500,0.0524821
1480000,0.127385
1481250,0.030848
1483750,0.00324583
1486250,0.0494678
1487500,0.00539051
1490000,0.0905072
1492500,0.00227336
1493750,0.0659029
1496250,0.00558274
1498750,0.00530142
1500000,7.28595e-05
1502500,0.115474
1505000,0.00676598
1506250,0.00544885
1508750,0.00458626
1511250,0.00649007
1512500,0.073294
1515000,0.0840854
1517500,0.0267012
1518750,0.0107455
1521250,0.0862415
1523750,0.0769783
1525000,0.00404005
1527500,0.0805896
1530000,0.129745
1531250,0.171241
1533750,0.0923282
1536250,0.0684232
1537500,0.0915941
1540000,0.00431368
1542500,0.0200819
1543750,0.00462504
1546250,0.141577
1548750,0.0960783
1550000,0.0278427
1552500,0.0143923
1555000,0.100993
1556250,0.00406866
1558750,0.0366974
1561250,0.0388333
1562500,0.0742442
1565000,0.00177207
1567500,0.0537508
1568750,0.0163986
1571250,0.0750674
1573750,0.00354081
1575000,0.00135937
1577500,0.123166
1580000,0.0603318
1581250,0.00284569
1583750,0.0369601
1586250,0.105107
1587500,0.0249041
1590000,0.0394752
1592500,0.00407773
1593750,0.0785952
1596250,0.00548856
1598750,0.150655
1600000,0.0283981
1602500,0.00309024
1605000,0.0891095
1606250,0.0609932
1608750,0.00214419
1611250,0.0077301
1612500,0.0242358
1615000,0.00285434
1617500,0.00391614
1618750,0.00430967
1621250,0.0537093
1623750,0.0928863
1625000,0.0491339
1627500,0.0369147
1630000,0.0029243
1631250,0.0503059
1633750,0.0893528
1636250,0.06918
1637500,0.0871599
1640000,0.0908271
1642500,0.0170018
1643750,0.0777051
1646250,0.00443672
1648750,0.0837592
1650000,0.117672
1652500,0.00515563
1655000,0.00261828
1656250,0.0637452
1658750,0.0741618
1661250,0.00315115
1662500,0.0101157
1665000,0.00483893
1667500,0.00401949
1668750,0.0551464
1671250,0.0634783
1673750,0.0752458
1675000,0.0634121
1677500,0.0682898
1680000,0.0347307
1681250,0.00383334
1683750,0.00113359
1686250,0.107725
1687500,0.0434802
1690000,0.0940094
1692500,0.0574458
1693750,0.0670382
1696250,0.0555141
1698750,0.0466823
1700000,0.0221047
1702500,0.0864236
1705000,0.122433
1706250,0.0806542
1708750,0.035667
1711250,0.0222395
1712500,0.0563575
1715000,0.118876
1717500,0.00423042
1718750,0.118334
1721250,0.122938
1723750,0.00150007
1725000,0.0559615
1727500,0.00382784
1730000,0.0187628
1731250,0.109293
1733750,0.102807
1736250,0.00710259
1737500,0.122819
1740000,0.13905
1742500,0.00322647
1743750,0.0105528
1746250,0.00377173
1748750,0.0288845
1750000,0.00384377
1752500,0.00591403
1755000,0.0901981
1756250,0.00169067
1758750,0.145533
1761250,0.00493007
1762500,0.0592794
1765000,0.0889613
1767500,0.000406185
1768750,0.000894468
1771250,0.0967072
1773750,3.5769e-05
1775000,0.00551823
1777500,0.0664697
1780000,0.0263971
1781250,0.144906
1783750,0.107931
1786250,0.00426032
1787500,0.000832751
1790000,0.00473648
1792500,0.00198004
1793750,0.000796675
1796250,0.00426839
1798750,0.0059786
1800000,0.00463152
1802500,0.00280949
1805000,0.00996006
1806250,0.00170988
1808750,0.122102
1811250,0.0494979
1812500,0.0178659
1815000,0.0343617
1817500,0.00664105
1818750,0.0984433
1821250,0.0164363
1823750,0.1199
1825000,0.0988356
1827500,0.0102213
1830000,0.000583984
1831250,0.121077
1833750,0.0643804
1836250,0.0432411
1837500,0.0314373
1840000,0.139072
1842500,0.00266431
1843750,0.0328982
1846250,0.0380684
1848750,0.059442
1850000,0.0152624
1852500,0.0864436
1855000,0.0936381
1856250,0.00612166
1858750,0.00422211
1861250,0.00584157
1862500,0.0639341
1865000,0.0684762
1867500,-6.34457e-05
1868750,0.104874
1871250,0.0087264
1873750,0.04276
1875000,0.07031
1877500,0.0608401
1880000,0.0782177
1881250,0.00513447
1883750,0.00455937
1886250,0.00494468
1887500,0.00508397
1890000,0.0782801
1892500,0.00885915
1893750,0.0989867
1896250,0.0859982
1898750,0.000220773
1900000,0.00387865
1902500,0.0574838
1905000,0.00619275
1906250,0.000838481
1908750,0.124576
1911250,0.00176034
1912500,0.00455993
1915000,0.0490663
1917500,0.0790028
1918750,0.000555882
1921250,0.101834
1923750,0.0512268
1925000,0.00295097
1927500,0.109141
1930000,0.0033843
1931250,0.00679907
1933750,0.00217888
1936250,0.110095
1937500,0.0765192
1940000,0.0361412
1942500,0.0848745
1943750,0.0303297
1946250,0.118166
1948750,0.00227405
1950000,1.10023e-05
1952500,0.0829984
1955000,0.0390625
1956250,0.00025882
1958750,0.00904787
1961250,0.119976
1962500,0.0890925
1965000,0.00212125
1967500,0.0223586
1968750,0.00439679
1971250,0.0189606
1973750,0.131878
1975000,0.00847855
1977500,0.0775555
1980000,0.00701625
1981250,0.0747544
1983750,0.0649313
1986250,0.0943577
1987500,0.0003524
1990000,0.0373375
1992500,0.0187759
1993750,0.0342573
1996250,0.0669132
1998750,0.00175014
2000000,0.00109339
2002500,0.00184492
2005000,0.0309774
2006250,0.116105
2008750,0.00512536
2011250,0.0315881
2012500,0.0323044
2015000,0.0889476
2017500,0.00269289
2018750,0.0965322
2021250,0.0564072
2023750,0.108063
2025000,0.0703804
2027500,0.0756555
2030000,0.0026429
2031250,0.00227517
2033750,0.0371584
2036250,0.06114
2037500,0.00132051
2040000,0.00565789
2042500,0.0102942
2043750,0.107487
2046250,0.00475117
2048750,0.0505031
2050000,0.0748672
2052500,0.00624777
2055000,0.0074663
2056250,0.0565333
2058750,0.0050716
2061250,0.00448863
2062500,0.0506356
2065000,0.00314673
2067500,0.0877422
2068750,0.0636846
2071250,0.00578667
2073750,0.15052
2075000,0.0940162
2077500,0.00277855
2080000,0.0248908
2081250,0.102735
2083750,0.00575002
2086250,0.0038909
2087500,0.119041
2090000,0.00438794
2092500,0.0397106
2093750,0.0667099
2096250,0.0068218
2098750,0.00095482
2100000,0.107491
2102500,0.00467727
2105000,0.00392036
2106250,0.00678025
2108750,0.0559601
2111250,0.0362776
2112500,0.0309373
2115000,0.0792579
2117500,0.00103617
2118750,0.0264072
2121250,0.0604169
2123750,0.00864886
2125000,0.104942
2127500,0.029328
2130000,0.12715
2131250,0.103632
2133750,0.0379532
2136250,0.0286102
2137500,0.00592703
2140000,0.14387
2142500,0.0884223
2143750,0.00685805
2146250,0.00138567
2148750,0.00554581
2150000,0.0610512
2152500,0.000807117
2155000,0.0741005
2156250,0.00282415
2158750,0.0699656
2161250,0.00102051
2162500,0.0235058
2165000,0.0038713
2167500,-0.000406185
2168750,0.00355228
2171250,0.0826695
2173750,0.0667888
2175000,0.0862855
2177500,0.00172723
2180000,0.00267869
2181250,0.0420122
2183750,0.0374898
2186250,0.00501147
2187500,0.0347915
2190000,0.0220319
2192500,0.0034897
2193750,0.0605768
2196250,0.105775
2198750,0.0693636
2200000,0.00554956
2202500,0.00661048
2205000,0.118776
2206250,0.0661751
2208750,0.0775356
2211250,0.108623
2212500,0.000490119
2215000,0.121487
2217500,0.0850759
2218750,0.0853277
2221250,0.109293
2223750,0.0658567
2225000,0.0844879
2227500,0.00832059
2230000,0.00635238
2231250,0.0289664
2233750,0.00623043
2236250,0.122841
2237500,0.00209917
2240000,0.0907828
2242500,0.033845
2243750,0.0799713
2246250,0.0359047
2248750,0.0712315
2250000,0.11155
2252500,0.00443937
2255000,0.00275384
2256250,0.0040164
2258750,0.0880734
2261250,0.0053069
2262500,0.000303148
2265000,0.00344484
2267500,0.118862
2268750,0.0902214
2271250,0.00389912
2273750,0.166277
2275000,0.0903882
2277500,0.0611978
2280000,0.00175077
2281250,0.0888533
2283750,0.00248269
2286250,0.00341895
2287500,0.00942024
2290000,0.00152066
2292500,0.0880814
2293750,0.0093565
2296250,0.0067076
2298750,0.0278501
2300000,0.000760635
2302500,0.00262069
2305000,0.0876028
2306250,0.0725716
2308750,0.00338998
2311250,0.135002
2312500,0.00226974
2315000,0.0585348
2317500,0.0381157
2318750,0.00212181
2321250,0.0943466
2323750,0.00599273
2325000,0.0686427
2327500,0.0356326
2330000,0.101462
2331250,0.00518228
2333750,0.0220973
2336250,0.0389204
2337500,0.0667785
2340000,0.0166959
2342500,0.0817974
2343750,0.00391311
2346250,0.00404429
2348750,0.00151733
2350000,0.0128296
2352500,0.0653481
2355000,0.00559946
2356250,0.000498295
2358750,0.0573309
2361250,0.0413832
2362500,0.0857569
2365000,0.00886358
2367500,0.00648084
2368750,0.0935271
2371250,0.0058835
2373750,0.109826
2375000,0.13375
2377500,0.00204706
2380000,0.0124149
2381250,0.0947077
2383750,0.00643616
2386250,0.0318275
2387500,0.0305909
2390000,0.0625288
2392500,0.0101113
2393750,0.00291052
2396250,0.111212
2398750,0.106275
2400000,0.0482832
2402500,0.153001
2405000,0.00620259
2406250,0.00682123
2408750,0.037392
2411250,0.00543
2412500,0.0919123
2415000,0.0904522
2417500,0.063181
2418750,0.0884465
2421250,0.00298764
2423750,0.000927069
2425000,0.000301564
2427500,0.00571534
2430000,0.0690342
2431250,0.000345019
2433750,0.0384376
2436250,0.00212603
2437500,0.0168899
2440000,0.000362741
2442500,0.10906
2443750,0.16745
2446250,0.115113
2448750,0.00120414
2450000,0.140612
2452500,0.00155645
2455000,0.00114201
2456250,0.000729433
2458750,0.110942
2461250,0.0184023
2462500,0.127567
2465000,0.0548992
2467500,0.0182485
2468750,0.000529352
2471250,0.00127232
2473750,0.113211
2475000,0.00355212
2477500,0.00332709
2480000,0.059257
2481250,0.0077863
2483750,0.0360263
2486250,0.00548817
2487500,0.166432
2490000,0.00114199
2492500,0.0783692
2493750,0.122881
2496250,0.038446
2498750,0.101712
2500000,0.0251584
2502500,0.00770806
2505000,0.127703
2506250,0.0298598
2508750,0.06902
2511250,0.10602
2512500,0.0683724
2515000,0.0911333
2517500,0.10019
2518750,0.138953
2521250,0.0360531
2523750,0.0592835
2525000,0.0409454
2527500,0.00478027
2530000,0.00369262
2531250,0.00496526
2533750,0.010186
2536250,0.101352
2537500,0.00251459
2540000,0.0708929
2542500,0.0704473
2543750,0.136191
2546250,0.0697886
2548750,0.0420588
2550000,0.0275757
2552500,0.0489668
2555000,0.147284
2556250,0.0885115
2558750,0.02324
2561250,0.084383
2562500,0.0160892
2565000,0.0255766
2567500,0.0994708
2568750,0.000452788
2571250,0.00316642
2573750,0.0109503
2575000,0.0694321
2577500,0.0160792
2580000,0.00954106
2581250,0.115535
2583750,0.050269
2586250,0.00324578
2587500,0.00328839
2590000,0.0711722
2592500,0.0767883
2593750,0.0928502
2596250,0.00290817
2598750,0.00343966
2600000,0.0035356
2602500,0.000663199
2605000,0.00442259
2606250,0.0865163
2608750,0.00967493
2611250,0.115491
2612500,0.0193792
2615000,0.0161377
2617500,0.0079875
2618750,0.0910718
2621250,0.0626801
2623750,0.00148723
2625000,0.113999
2627500,0.00455957
2630000,0.0163976
2631250,0.0831923
2633750,0.00599427
2636250,0.00326799
2637500,0.00481856
2640000,0.00384028
2642500,0.00480519
2643750,0.112039
2646250,0.00414182
2648750,0.00749162
2650000,0.00253765
2652500,0.135916
2655000,0.00103283
2656250,0.0237045
2658750,0.101206
2661250,0.0057756
2662500,0.125852
2665000,0.0284863
2667500,0.00346516
2668750,0.0533402
2671250,0.00574551
2673750,0.009606
2675000,0.0415283
2677500,0.0629963
2680000,0.108338
2681250,0.123306
2683750,0.0551597
2686250,0.0794088
2687500,0.0937095
2690000,0.00283287
2692500,0.0365131
2693750,0.00263036
2696250,0.00653413
2698750,0.0956923
2700000,0.00628141
2702500,0.0453177
2705000,0.0693919
2706250,0.00893806
2708750,0.00635092
2711250,0.00402115
2712500,0.0084392
2715000,0.00792384
2717500,0.004235
2718750,0.103603
2721250,0.00525017
2723750,0.00230137
2725000,0.0024037
2727500,0.0319594
2730000,0.0048794
2731250,0.00273205
2733750,0.0866603
2736250,0.00749021
2737500,0.0120756
2740000,0.136435
2742500,0.00750706
2743750,0.0322622
2746250,0.153152
2748750,0.067019
2750000,0.00584118
2752500,0.00331841
2755000,0.00274755
2756250,0.0281454
2758750,0.00873083
2761250,0.0260043
2762500,0.00365749
2765000,0.00625935
2767500,0.0232392
2768750,0.000977237
2771250,0.152601
2773750,0.0752654
2775000,0.123658
2777500,0.00735266
2780000,0.00459586
2781250,0.0492585
2783750,0.00385123
2786250,0.0258276
2787500,0.0411178
2790000,0.00628365
2792500,0.00533582
2793750,0.168335
2796250,0.0435818
2798750,0.106428
2800000,0.0851977
2802500,0.0823969
2805000,0.0369369
2806250,0.0603351
2808750,0.00212364
2811250,0.0595315
2812500,0.00349646
2815000,0.088519
2817500,0.101263
2818750,0.0022578
2821250,0.0285968
2823750,0.00235568
2825000,0.0348689
2827500,0.00159488
2830000,0.0438288
2831250,0.0509486
2833750,0.00975635
2836250,0.00541835
2837500,0.00306823
2840000,0.0357953
2842500,0.00289049
2843750,0.00736495
2846250,0.0488534
2848750,0.00904788
2850000,0.00325629
2852500,0.0398175
2855000,0.0105687
2856250,0.00484611
2858750,0.00108153
2861250,0.00453482
2862500,0.00270569
2865000,0.0861769
2867500,0.0865934
2868750,0.0184158
2871250,0.00308148
2873750,0.00579546
2875000,0.0259579
2877500,0.0197587
2880000,0.00874191
2881250,0.0836508
2883750,0.103787
2886250,0.0212784
2887500,0.00871514
2890000,0.00465231
2892500,0.105646
2893750,0.00473648
2896250,0.111468
2898750,0.00366314
2900000,0.11978
2902500,0.0056195
2905000,0.0457849
2906250,0.147832
2908750,0.0137531
2911250,0.0172054
2912500,0.00486548
2915000,0.00484391
2917500,0.000718631
2918750,0.00296621
2921250,0.0571843
2923750,0.0742132
2925000,0.0219928
2927500,0.0837366
2930000,0.060459
2931250,0.108781
2933750,0.0520093
2936250,0.0106153
2937500,0.0758841
2940000,0.00815949
2942500,0.00935002
2943750,0.00563581
2946250,0.00721243
2948750,0.00264813
2950000,0.0239491
2952500,0.00564863
2955000,0.00424186
2956250,0.0688653
2958750,0.0840382
2961250,0.00745328
2962500,0.00619811
2965000,0.12647
2967500,0.100546
2968750,0.122681
2971250,0.0830569
2973750,0.0882728
2975000,0.0368087
2977500,0.00424253
2980000,0.0891467
2981250,0.00151453
2983750,0.104986
2986250,0.0893498
2987500,0.00132079
2990000,0.156027
2992500,0.0638904
2993750,0.14897
2996250,0.00455227
2998750,0.0920355
3000000,0.113936
3002500,0.00374245
3005000,0.00175598
3006250,0.00695017
3008750,0.156478
3011250,0.0352436
3012500,0.0041958
3015000,0.0365427
3017500,0.0347443
3018750,0.00188348
3021250,0.00441796
3023750,0.00793425
3025000,0.0390287
3027500,0.090986
3030000,0.00271474
3031250,0.0479959
3033750,0.0583488
3036250,0.0570852
3037500,0.00473449
3040000,0.0062091
3042500,0.00595624
3043750,0.137022
3046250,0.0331818
3048750,0.093426
3050000,0.113102
3052500,0.0846047
3055000,0.155959
3056250,0.133937
3058750,0.0680501
3061250,0.00244666
3062500,0.0131744
3065000,0.00748281
3067500,0.0177738
3068750,0.0369156
3071250,0.0624469
3073750,0.0419165
3075000,0.110126
3077500,0.0476674
3080000,0.00103414
3081250,0.00166484
3083750,0.00713785
3086250,0.154027
3087500,0.00246546
3090000,0.0896188
3092500,0.00329074
3093750,0.000684391
3096250,0.0652162
3098750,0.000372374
3100000,0.00595376
3102500,0.144142
3105000,0.086016
3106250,0.0172106
3108750,0.0658148
3111250,0.00219355
3112500,0.072783
3115000,0.0904762
3117500,0.152041
3118750,0.00578369
3121250,0.00676243
3123750,0.087906
3125000,0.108708
3127500,0.00395995
3130000,0.00257763
3131250,0.0433687
3133750,0.0273085
3136250,0.0587957
3137500,0.0593524
3140000,0.084301
3142500,0.0664474
3143750,0.0839582
3146250,0.00683609
3148750,0.00448434
3150000,0.108593
3152500,0.0943503
3155000,0.0769776
3156250,0.132557
3158750,0.0614331
3161250,0.00567389
3162500,0.000303842
3165000,0.00714627
3167500,0.00190987
3168750,0.0101906
3171250,0.126163
3173750,0.0809335
3175000,0.00513972
3177500,0.0072884
3180000,0.0658285
3181250,0.00490764
3183750,0.0965278
3186250,0.0265885
3187500,0.00397858
3190000,0.0151023
3192500,0.000379019
3193750,0.0032484
3196250,0.0574778
3198750,0.0222201
3200000,0.00329373
3202500,0.032251
3205000,0.0433999
3206250,0.0026754
3208750,0.0147582
3211250,0.100546
3212500,0.00151213
3215000,0.138234
3217500,0.068066
3218750,0.138285
3221250,0.0725792
3223750,0.0283879
3225000,0.0492102
3227500,0.125372
3230000,0.0412331
3231250,0.00065924
3233750,0.00591575
3236250,0.00181918
3237500,0.000697553
3240000,0.102461
3242500,0.0304639
3243750,0.000726228
3246250,0.00350806
3248750,0.00217408
3250000,0.00208864
3252500,0.00411926
3255000,0.0959077
3256250,0.00227771
3258750,0.00990641
3261250,0.00361977
3262500,0.00595909
3265000,0.00933752
3267500,0.0637658
3268750,0.00139097
3271250,0.0422555
3273750,0.023423
3275000,0.1102
3277500,0.101028
3280000,0.0184552
3281250,0.0041557
3283750,0.00200627
3286250,0.00190716
3287500,0.00435977
3290000,0.072356
3292500,0.0361296
3293750,0.0207365
3296250,0.101091
3298750,0.068847
3300000,0.00636605
3302500,0.00247102
3305000,0.0700455
3306250,0.0526813
3308750,0.133449
3311250,0.0547072
3312500,0.0440737
3315000,0.00265251
3317500,0.00254694
3318750,0.00137456
3321250,0.0108729
3323750,0.0314879
3325000,0.00189622
3327500,0.0448661
3330000,0.0663228
3331250,0.00261183
3333750,0.00530419
3336250,0.00212893
3337500,0.0326148
3340000,0.00110626
3342500,0.00755513
3343750,0.00448033
3346250,0.0713274
3348750,0.0302573
3350000,0.0261794
3352500,0.0841151
3355000,0.00460026
3356250,0.00882549
3358750,0.0170961
3361250,0.00498678
3362500,0.00315242
3365000,0.00549138
3367500,0.0361446
3368750,0.00112839
3371250,0.00670551
3373750,0.08591
3375000,0.00926091
3377500,0.00191981
3380000,0.0108532
3381250,0.074863
3383750,0.0757843
3386250,0.0719831
3387500,0.0956084
3390000,0.0076837
3392500,0.00612965
3393750,0.00185048
3396250,0.008777
3398750,0.0934416
3400000,0.00360944
3402500,0.105197
3405000,0.113917
3406250,0.0847408
3408750,0.0892193
3411250,0.06434
3412500,0.0991974
3415000,0.0884025
3417500,0.00576252
3418750,0.0818302
3421250,0.0941028
3423750,0.124652
3425000,0.055969
3427500,0.0307976
3430000,0.057291
3431250,0.0082156
3433750,0.076676
3436250,0.00135764
3437500,0.0205488
3440000,0.0992095
3442500,0.0514076
3443750,0.00813327
3446250,0.00986883
3448750,0.00071052
3450000,0.103586
3452500,0.0916538
3455000,0.00604426
3456250,0.0877422
3458750,0.0696517
3461250,0.0750353
3462500,0.0590618
3465000,0.00219162
3467500,0.00275752
3468750,0.0324836
3471250,0.00696836
3473750,0.0493034
3475000,0.00198894
3477500,0.0106912
3480000,0.0448533
3481250,0.113389
3483750,0.143488
3486250,0.11742
3487500,0.120069
3490000,0.0594943
3492500,0.0504543
3493750,0.0408702
3496250,0.0950028
3498750,0.0079381
3500000,0.0057982
3502500,0.0557022
3505000,0.00988179
3506250,0.0105081
3508750,0.00641162
3511250,0.00566204
3512500,0.0819108
3515000,0.00390736
3517500,0.0155445
3518750,0.0362195
3521250,0.0177082
3523750,0.0369747
3525000,0.00148961
3527500,0.056714
3530000,0.136467
3531250,0.0165133
3533750,0.000709604
3536250,0.114252
3537500,0.076648
3540000,0.0404296
3542500,0.117786
3543750,0.0626968
3546250,0.0832794
3548750,0.00348144
3550000,0.0360707
3552500,0.00659
3555000,0.00557201
3556250,0.00520714
3558750,0.0147392
3561250,0.0354878
3562500,0.0957272
3565000,0.141745
3567500,0.138855
3568750,0.0329682
3571250,0.033633
3573750,0.0089351
3575000,0.0408702
3577500,0.00400455
3580000,0.0438288
3581250,0.108554
3583750,0.100647
3586250,0.148582
3587500,0.0691372
3590000,0.00866176
3592500,0.157856
3593750,0.0586105
3596250,0.00505242
3598750,0.112826
3600000,0.0815256
3602500,0.112273
3605000,6.96285e-05
3606250,0.0456091
3608750,0.148268
3611250,0.00404529
3612500,0.00622651
3615000,0.0391085
3617500,0.0903859
3618750,0.0521499
3621250,0.00607891
3623750,0.00216964
3625000,0.0315487
3627500,0.00679037
3630000,0.00077795
3631250,0.127972
3633750,0.00343712
3636250,0.109141
3637500,0.0863757
3640000,0.0442224
3642500,0.0255275
3643750,0.00830392
3646250,0.0821519
3648750,0.00502027
3650000,0.00259926
3652500,0.00179768
3655000,0.0353492
3656250,0.00252741
3658750,0.0564803
3661250,0.0333104
3662500,0.0816854
3665000,0.0908293
3667500,0.0020489
3668750,0.02364
3671250,0.06918
3673750,0.00181225
3675000,0.0922982
3677500,0.00849841
3680000,0.000207434
3681250,0.0074039
3683750,0.00234683
3686250,0.00480972
3687500,0.0487085
3690000,0.00181601
3692500,0.00280943
3693750,0.0536116
3696250,0.0879061
3698750,0.186355
3700000,0.05587
3702500,0.0955853
3705000,0.0203421
3706250,0.169629
3708750,0.0345573
3711250,0.00239971
3712500,0.0939155
3715000,0.00277303
3717500,0.00529471
3718750,0.00374778
3721250,0.0791476
3723750,0.0668346
3725000,0.127403
3727500,0.00280519
3730000,0.0564803
3731250,0.00295264
3733750,0.00208542
3736250,0.130952
3737500,0.127995
3740000,0.00322256
3742500,0.0105139
3743750,0.0019003
3746250,0.110358
3748750,0.118551
3750000,0.00584622
3752500,0.0980236
3755000,0.0910619
3756250,0.00805273
3758750,0.00319733
3761250,0.068642
3762500,0.102118
3765000,0.00534826
3767500,0.0100423
3768750,0.056727
3771250,0.129793
3773750,0.0785748
3775000,0.0710104
3777500,0.00957391
3780000,0.0492292
3781250,0.0983019
3783750,0.0815255
3786250,0.00565789
3787500,9.92344e-05
3790000,0.0707057
3792500,0.128673
3793750,0.0456809
3796250,0.00474486
3798750,0.0515922
3800000,0.0402965
3802500,0.113278
3805000,0.00239927
3806250,0.00583167
3808750,0.00186789
3811250,0.00544221
3812500,0.00258251
3815000,0.00634269
3817500,0.0532884
3818750,-8.55061e-05
3821250,0.0377005
3823750,0.00138333
3825000,0.0672548
3827500,0.132774
3830000,0.0626767
3831250,0.0208508
3833750,0.0412932
3836250,0.00171008
3837500,0.0366951
3840000,0.0449816
3842500,0.0417093
3843750,0.00174985
3846250,0.078225
3848750,0.0444094
3850000,0.000461098
3852500,0.00214452
3855000,0.110549
3856250,0.13805
3858750,0.0399992
3861250,0.126285
3862500,0.0760949
3865000,0.116188
3867500,0.0656987
3868750,0.0295983
3871250,0.0175348
3873750,0.0421262
3875000,0.138698
3877500,0.00613449
3880000,0.0361599
3881250,0.027893
3883750,0.0366197
3886250,0.0378425
3887500,0.161985
3890000,0.0438451
3892500,0.109992
3893750,0.0807261
3896250,0.0965956
3898750,0.0120742
3900000,0.00578369
3902500,0.0618852
3905000,0.00448037
3906250,0.127017
3908750,0.00541465
3911250,0.080307
3912500,0.0283508
3915000,0.100572
3917500,0.0583338
3918750,0.146879
3921250,0.00577973
3923750,0.0227023
3925000,0.00369399
3927500,0.0928542
3930000,0.164006
3931250,0.0727092
3933750,0.00328751
3936250,0.00915321
3937500,0.00646297
3940000,0.0864109
3942500,0.00212524
3943750,0.00755995
3946250,0.113137
3948750,0.103602
3950000,0.0983812
3952500,0.00446243
3955000,0.000488772
3956250,0.00596557
3958750,0.00412203
3961250,0.00598667
3962500,1.63757e-05
3965000,0.0251778
3967500,0.0811918
3968750,0.0109709
3971250,0.0969418
3973750,0.0276625
3975000,0.0927443
3977500,0.0280641
3980000,0.0772923
3981250,0.00102193
3983750,0.0106173
3986250,0.105107
3987500,0.00830017
3990000,0.00290817
3992500,0.0513708
3993750,0.045601
3996250,0.000129521
3998750,0.0242358
4000000,0.0728854
4002500,0.0492704
4005000,0.0328291
4006250,0.0572537
4008750,0.0370205
4011250,0.108546
4012500,0.0105757
4015000,0.031718
4017500,0.00639963
4018750,0.10224
4021250,0.000934169
4023750,0.0418885
4025000,0.0085185
4027500,0.0211611
4030000,0.0574339
4031250,0.00250336
4033750,0.00887557
4036250,0.0497242
4037500,0.00653969
4040000,0.00564792
4042500,0.0395674
4043750,0.00670359
4046250,0.0920871
4048750,0.0157235
4050000,0.00480837
4052500,0.0124685
4055000,0.0140627
4056250,0.00676178
4058750,0.00721227
4061250,0.0625657
4062500,0.067428
4065000,0.0895036
4067500,0.00401815
4068750,0.00694467
4071250,0.00776679
4073750,0.0177738
4075000,0.0018519
4077500,0.106274
4080000,0.0513045
4081250,0.00209857
4083750,0.0137059
4086250,0.00365318
4087500,0.00660758
4090000,0.0347279
4092500,0.000288445
4093750,0.107226
4096250,0.00521765
4098750,0.106706
4100000,0.00929241
4102500,0.0687762
4105000,0.00486582
4106250,0.105874
4108750,0.00156321
4111250,0.0710258
4112500,0.0029212
4115000,0.132356
4117500,0.0015217
4118750,0.00137974
4121250,0.0381803
4123750,0.00425895
4125000,0.0875235
4127500,0.0104238
4130000,0.0969305
4131250,0.00452974
4133750,0.108443
4136250,0.00576625
4137500,0.00143872
4140000,0.0582282
4142500,0.0768707
4143750,0.0898614
4146250,9.73676e-05
4148750,0.00165533
4150000,0.00156512
4152500,0.00186166
4155000,0.0580788
4156250,0.00292324
4158750,0.125093
4161250,0.00915331
4162500,0.00473408
4165000,0.0262292
4167500,0.00751571
4168750,0.00941267
4171250,0.00431925
4173750,0.0934519
4175000,0.0864376
4177500,0.0140945
4180000,0.00444695
4181250,0.0334493
4183750,0.0124502
4186250,0.108889
4187500,0.0830861
4190000,2.97162e-06
4192500,0.0892817
4193750,0.0743813
4196250,0.0462152
4198750,0.124691
4200000,0.0136074
4202500,0.00215063
4205000,0.000271935
4206250,0.023325
4208750,0.00247835
4211250,0.0396878
4212500,0.0284413
4215000,0.117701
4217500,0.0455868
4218750,0.0314289
4221250,0.00157583
4223750,0.00431874
4225000,0.00194731
4227500,0.0824054
4230000,0.0523744
4231250,0.044401
4233750,0.00223752
4236250,0.0323419
4237500,-1.16646e-06
4240000,0.0990132
4242500,0.0355734
4243750,0.0732294
4246250,0.00928049
4248750,0.110108
4250000,0.0292524
4252500,0.0081432
4255000,0.108323
4256250,0.0789432
4258750,0.0379752
4261250,0.0492621
4262500,0.0573884
4265000,0.0017593
4267500,0.0035201
4268750,0.136531
4271250,0.0102179
4273750,0.0883873
4275000,0.0167213
4277500,0.000368951
4280000,0.0689453
4281250,0.0766972
4283750,0.0787385
4286250,0.000832658
4287500,0.00339171
4290000,0.067698
4292500,0.0241419
4293750,0.00843767
4296250,0.06059
4298750,0.00373174
4300000,0.0499256
4302500,0.0516761
4305000,0.0085603
4306250,0.00894632
4308750,0.00428715
4311250,0.00625019
4312500,0.0644021
4315000,0.0236935
4317500,0.0100243
4318750,0.000876803
4321250,0.00387986
4323750,0.0550304
4325000,0.00603819
4327500,0.0520174
4330000,0.106627
4331250,0.107464
4333750,0.129744
4336250,0.0640885
4337500,0.00456389
4340000,0.0164351
4342500,0.00166644
4343750,0.0259414
4346250,0.0987626
4348750,0.0621131
4350000,0.113757
4352500,0.122867
4355000,0.0927864
4356250,0.0276767
4358750,0.0357273
4361250,0.0488353
4362500,0.0238902
4365000,0.111226
4367500,0.00148724
4368750,0.00725616
4371250,0.00401206
4373750,0.0685479
4375000,0.123507
4377500,0.0981205
4380000,0.00647898
4381250,0.00179395
4383750,0.00543155
4386250,0.0571978
4387500,0.000529352
4390000,0.0526425
4392500,0.0107559
4393750,0.00344102
4396250,0.143714
4398750,0.0610881
4400000,0.0900772
4402500,0.000447649
4405000,0.0693596
4406250,0.0901275
4408750,0.074243
4411250,0.00922927
4412500,0.0160749
4415000,0.160516
4417500,0.102658
4418750,0.12189
4421250,0.133579
4423750,0.0249124
4425000,0.00124053
4427500,0.156972
4430000,0.00496015
4431250,0.133177
4433750,0.043969
4436250,0.0814892
4437500,0.0607697
4440000,0.0533887
4442500,0.131824
4443750,0.00114225
4446250,0.0934962
4448750,0.0548058
4450000,0.0819001
4452500,0.0409383
4455000,0.0310362
4456250,0.0512393
4458750,0.147272
4461250,0.000633062
4462500,0.000810962
4465000,0.0693475
4467500,0.00347694
4468750,0.00369382
4471250,0.0698927
4473750,0.155728
4475000,0.04169
4477500,0.0065605
4480000,0.079077
4481250,0.0917933
4483750,0.126076
4486250,0.00496335
4487500,0.0755831
4490000,0.00375195
4492500,0.110644
4493750,0.145295
4496250,0.129962
4498750,0.00342482
4500000,0.00859682
4502500,0.0449288
4505000,0.114197
4506250,0.115943
4508750,0.106552
4511250,0.00671873
4512500,0.0944192
4515000,0.0696728
4517500,0.0878697
4518750,0.0551464
4521250,0.00609615
4523750,0.059979
4525000,0.0434198
4527500,0.0342613
4530000,0.119004
4531250,0.000676455
4533750,0.00109777
4536250,0.0124219
4537500,0.00932615
4540000,0.0431795
4542500,0.0445868
4543750,0.129421
4546250,0.0604167
4548750,0.0837585
4550000,0.00875377
4552500,0.00824053
4555000,0.114109
4556250,0.00528764
4558750,0.0643873
4561250,0.0770654
4562500,0.065963
4565000,0.0387204
4567500,0.0898046
4568750,0.104012
4571250,0.00114279
4573750,0.11155
4575000,0.118285
4577500,0.0905994
4580000,0.0295953
4581250,0.00470464
4583750,0.0190675
4586250,0.0652135
4587500,0.093347
4590000,0.067797
4592500,0.104447
4593750,0.0926965
4596250,0.00378268
4598750,0.00604413
4600000,0.00273493
4602500,0.00646518
4605000,0.000740598
4606250,0.0768867
4608750,0.101498
4611250,0.0754862
4612500,0.0782064
4615000,0.0176502
4617500,0.00855567
4618750,0.00212364
4621250,0.00267667
4623750,0.12597
4625000,0.00247267
4627500,0.0108937
4630000,0.00153635
4631250,0.0619207
4633750,0.00792578
4636250,0.116589
4637500,0.00209207
4640000,0.0678295
4642500,0.0811899
4643750,0.10204
4646250,0.00190639
4648750,0.00602539
4650000,0.00766481
4652500,0.0603151
4655000,0.0017593
4656250,0.0549799
4658750,0.0189678
4661250,0.0146923
4662500,0.00239872
4665000,0.111771
4667500,0.0404971
4668750,0.00802556
4671250,0.00363732
4673750,0.0174992
4675000,0.0252676
4677500,0.0710865
4680000,0.0299148
4681250,0.0779944
4683750,0.0034644
4686250,0.00376524
4687500,0.00660796
4690000,0.0945133
4692500,0.0881673
4693750,0.00229063
4696250,0.0817199
4698750,0.122451
4700000,0.111306
4702500,0.00576659
4705000,0.00637752
4706250,0.000821435
4708750,0.117915
4711250,0.121181
4712500,0.0362796
4715000,0.00837309
4717500,0.00208846
4718750,0.0624202
4721250,0.0448048
4723750,0.00244897
4725000,0.0309625
4727500,0.0141329
4730000,0.0423382
4731250,0.0976118
4733750,0.00120435
4736250,0.0888539
4737500,0.00557892
4740000,0.132612
4742500,0.0701468
4743750,0.0949978
4746250,0.159953
4748750,0.0342613
4750000,0.00474375
4752500,0.00206133
4755000,0.0842912
4756250,0.0384661
4758750,0.0770317
4761250,0.0676042
4762500,0.0778742
4765000,0.177137
4767500,0.00722004
4768750,0.00422924
4771250,0.0358835
4773750,0.0410861
4775000,0.115984
4777500,0.0599949
4780000,0.0654624
4781250,0.0137798
4783750,0.00665845
4786250,0.125161
4787500,0.112407
4790000,0.010442
4792500,0.00934122
4793750,0.0306034
4796250,0.0063712
4798750,0.000697597
4800000,0.00474931
4802500,0.00140331
4805000,0.0152024
4806250,0.0059706
4808750,0.0932057
4811250,0.000571906
4812500,0.00935284
4815000,0.145295
4817500,0.0118059
4818750,0.048283
4821250,0.0075636
4823750,0.0051134
4825000,0.156927
4827500,0.122937
4830000,0.0091203
4831250,0.0585379
4833750,0.101968
4836250,0.0417514
4837500,0.00856391
4840000,0.104007
4842500,0.067946
4843750,0.00753165
4846250,0.00143932
4848750,0.0031084
4850000,0.0318054
4852500,0.100425
4855000,0.00648149
4856250,0.00686586
4858750,0.0493719
4861250,0.00375935
4862500,0.0849575
4865000,0.0364032
4867500,0.00198859
4868750,0.123827
4871250,0.051212
4873750,0.0364554
4875000,0.0249172
4877500,0.0313958
4880000,0.000855933
4881250,0.118433
4883750,0.072713
4886250,0.00245003
4887500,0.0499946
4890000,0.0150578
4892500,0.00151455
4893750,0.00166686
4896250,0.0296843
4898750,0.0757922
4900000,0.0225388
4902500,0.0284072
4905000,0.123755
4906250,0.0108596
4908750,0.00352436
4911250,0.0117992
4912500,0.00484479
4915000,0.000488969
4917500,0.0103374
4918750,0.00746252
4921250,0.00272762
4923750,0.00610262
4925000,0.0220457
4927500,0.00989114
4930000,0.0363211
4931250,0.0696348
4933750,0.0145786
4936250,0.00322006
4937500,0.00221696
4940000,0.0654962
4942500,0.0296221
4943750,0.0556233
4946250,0.0877521
4948750,0.0883183
4950000,0.00508489
4952500,0.0888136
4955000,0.00166108
4956250,0.0560943
4958750,0.0148075
4961250,0.0694249
4962500,0.0351408
4965000,0.138821
4967500,0.00659186
4968750,0.0746228
4971250,0.0647283
4973750,0.000249989
4975000,0.00676919
4977500,0.152086
4980000,0.174819
4981250,0.00483535
4983750,0.0989254
4986250,0.000552792
4987500,0.0199947
4990000,0.0210068
4992500,0.00466782
4993750,0.0103821
4996250,0.0745248
4998750,0.0090372
5000000,0.0107754
5002500,0.0419909
5005000,0.000785992
5006250,0.0231214
5008750,0.00168208
5011250,0.0108611
5012500,0.00748154
5015000,0.0714073
5017500,0.060581
5018750,0.113109
5021250,0.00936202
5023750,0.00313024
5025000,0.0187298
5027500,0.00685089
5030000,0.121934
5031250,0.00245824
5033750,0.0967769
5036250,0.0322526
5037500,0.0783447
5040000,0.00196911
5042500,0.113096
5043750,0.00316158
5046250,0.00304518
5048750,0.0509016
5050000,0.120896
5052500,0.118417
5055000,0.00690605
5056250,0.0220376
5058750,0.0588679
5061250,0.126816
5062500,0.0816529
5065000,0.0677918
5067500,0.064274
5068750,0.00361405
5071250,0.0653701
5073750,0.00996605
5075000,0.0115807
5077500,0.0339784
5080000,0.0296278
5081250,0.0367452
5083750,0.0755496
5086250,0.00177263
5087500,0.0697002
5090000,0.1088
5092500,0.00805809
5093750,0.106364
5096250,0.0886996
5098750,0.00322131
5100000,0.0824526
5102500,0.00179267
5105000,0.0759844
5106250,0.00795288
5108750,0.122186
5111250,0.0067136
5112500,0.0594945
5115000,0.0372665
5117500,0.00242265
5118750,0.05752
5121250,0.139062
5123750,0.00279165
5125000,0.023276
5127500,0.135122
5130000,0.0913493
5131250,0.103067
5133750,0.050521
5136250,0.00896648
5137500,0.164888
5140000,0.137459
5142500,0.0209653
5143750,0.0725211
5146250,0.0521994
5148750,0.00385076
5150000,0.160815
5152500,0.00745998
5155000,0.00305082
5156250,0.132591
5158750,0.0692476
5161250,0.00214571
5162500,0.0395504
5165000,0.0863251
5167500,0.0726911
5168750,0.050952
5171250,0.00949074
5173750,0.0070509
5175000,0.00249966
5177500,-5.04374e-05
5180000,0.0731269
5181250,0.0739153
5183750,0.0145078
5186250,0.00460565
5187500,0.0216327
5190000,0.00193295
5192500,0.102233
5193750,0.0660437
5196250,0.00524558
5198750,0.00133664
5200000,0.00325828
5202500,0.073211
5205000,0.0903767
5206250,0.00242026
5208750,0.0247236
5211250,0.0713686
5212500,0.00205915
5215000,0.0023565
5217500,0.00234968
5218750,0.130096
5221250,0.0400929
5223750,0.00818702
5225000,0.0977523
5227500,0.118321
5230000,0.00485132
5231250,0.00500611
5233750,0.0775118
5236250,0.0675777
5237500,0.101103
5240000,0.00744136
5242500,0.00824439
5243750,0.0819231
5246250,0.0324186
5248750,0.00646432
5250000,0.00386669
5252500,0.0957979
5255000,0.00388638
5256250,0.0893557
5258750,0.00325713
5261250,0.0385257
5262500,0.0327235
5265000,0.0123521
5267500,0.0396765
5268750,0.00281656
5271250,0.0152932
5273750,0.0404072
5275000,0.0304254
5277500,0.0463588
5280000,0.0716904
5281250,0.0306484
5283750,0.0102166
5286250,0.00428559
5287500,0.0535811
5290000,0.0643527
5292500,0.0982382
5293750,0.0814684
5296250,0.00295502
5298750,0.00523875
5300000,0.111979
5302500,0.0107893
5305000,0.108519
5306250,0.0669964
5308750,0.0895918
5311250,0.0475891
5312500,0.126952
5315000,0.0929903
5317500,0.00127188
5318750,0.0035356
5321250,0.00490815
5323750,0.00676768
5325000,0.00903574
5327500,0.0556768
5330000,0.00275896
5331250,0.00505932
5333750,0.0210155
5336250,0.0347177
5337500,0.00446335
5340000,0.0807257
5342500,0.0703141
5343750,0.0402242
5346250,0.0355943
5348750,0.0489172
5350000,0.00154568
5352500,0.0387495
5355000,0.10711
5356250,0.0630505
5358750,0.0550166
5361250,0.00841764
5362500,0.00407129
5365000,0.0813996
5367500,0.000316839
5368750,0.0128919
5371250,0.00619794
5373750,0.00455463
5375000,0.00314589
5377500,0.0037676
5380000,0.00761073
5381250,0.00612643
5383750,0.0658999
5386250,0.11671
5387500,0.00508489
5390000,0.068642
5392500,0.114158
5393750,0.10636
5396250,0.000176282
5398750,0.00111
5400000,0.0760959
5402500,0.091071
5405000,0.0497221
5406250,0.00242598
5408750,0.102521
5411250,0.0935417
5412500,0.010443
5415000,0.0614504
5417500,0.0951967
5418750,0.0320439
5421250,0.02364
5423750,0.00108293
5425000,0.0776297
5427500,0.00156421
5430000,0.0524051
5431250,0.115019
5433750,0.0763585
5436250,0.0373799
5437500,0.00599366
5440000,0.0369375
5442500,0.1301
5443750,0.000683752
5446250,0.12037
5448750,0.00977789
5450000,0.0106458
5452500,0.00280225
5455000,0.0291778
5456250,0.0630877
5458750,0.00514905
5461250,0.00904456
5462500,0.000459241
5465000,0.0969531
5467500,0.0311844
5468750,0.00821768
5471250,0.00289253
5473750,0.0523744
5475000,0.072808
5477500,0.00127362
5480000,0.006604
5481250,0.00151548
5483750,0.00490896
5486250,0.000376148
5487500,0.056342
5490000,0.0118953
5492500,0.0937038
5493750,0.00323506
5496250,0.105205
5498750,0.00187566
5500000,0.0451012
5502500,0.031293
5505000,0.0732539
5506250,0.00689905
5508750,0.000499013
5511250,0.00502558
5512500,0.0522214
5515000,0.0450878
5517500,0.0105784
5518750,0.0427964
5521250,0.103593
5523750,0.00230571
5525000,0.101887
5527500,0.0375172
5530000,0.0118676
5531250,0.00679907
5533750,0.0035354
5536250,0.00302998
5537500,0.00726945
5540000,0.0406747
5542500,0.00301082
5543750,0.0683101
5546250,0.0367834
5548750,0.0272129
5550000,0.118086
5552500,0.0156498
5555000,0.00354358
5556250,0.00833609
5558750,0.00449525
5561250,0.107614
5562500,0.00290664
5565000,0.0453421
5567500,0.00757616
5568750,0.119968
5571250,0.0668287
5573750,0.0520126
5575000,0.0829249
5577500,0.100399
5580000,0.00757604
5581250,0.00569561
5583750,0.0261351
5586250,0.0440764
5587500,0.0677805
5590000,0.0893747
5592500,0.0210303
5593750,0.0875146
5596250,0.0352171
5598750,0.0616903
5600000,0.00404182
5602500,0.0132627
5605000,0.121661
5606250,0.0541192
5608750,0.0110791
5611250,0.0146787
5612500,0.00324294
5615000,0.0769679
5617500,0.0906416
5618750,0.0113631
5621250,0.07491
5623750,0.00246591
5625000,0.0757238
5627500,0.0581913
5630000,0.00441869
5631250,0.106204
5633750,0.0659544
5636250,0.0111353
5637500,0.170071
5640000,0.00417053
5642500,0.00515371
5643750,0.00635704
5646250,0.00285582
5648750,0.000238427
5650000,0.0636039
5652500,0.0872793
5655000,0.156201
5656250,0.0548152
5658750,0.118239
5661250,0.0986134
5662500,0.0116147
5665000,0.0628098
5667500,0.00547962
5668750,0.0860444
5671250,0.0768957
5673750,0.0017593
5675000,0.00573586
5677500,0.0365131
5680000,0.0583038
5681250,0.0744187
5683750,0.00573586
5686250,0.0140619
5687500,0.000409059
5690000,0.00545648
5692500,0.0296717
5693750,0.000880717
5696250,0.0633251
5698750,0.0651729
5700000,0.00235834
5702500,0.0211462
5705000,0.0807419
5706250,0.129632
5708750,0.00190351
5711250,0.00144245
5712500,0.0468097
5715000,0.00263589
5717500,0.0206204
5718750,0.0013668
5721250,0.127171
5723750,0.00805131
5725000,0.0792219
5727500,0.00447014
5730000,0.0120204
5731250,0.0023565
5733750,0.00531714
5736250,0.00240674
5737500,0.0137877
5740000,0.0537461
5742500,0.00378401
5743750,0.0232252
5746250,0.0091433
5748750,0.0238229
5750000,0.0060716
5752500,0.130913
5755000,0.00446856
5756250,0.00438512
5758750,0.00246579
5761250,0.00254194
5762500,0.0657406
5765000,0.110994
5767500,0.0464761
5768750,0.0884448
5771250,0.00465215
5773750,0.00605697
5775000,0.0636846
5777500,0.157493
5780000,0.0835066
5781250,0.024687
5783750,0.0717938
5786250,0.0107611
5787500,0.00903444
5790000,0.0141176
5792500,0.0261224
5793750,0.0525585
5796250,0.132574
5798750,0.00634578
5800000,0.00215297
5802500,0.00492374
5805000,0.00146545
5806250,0.120311
5808750,0.132015
5811250,0.00448033
5812500,0.00952307
5815000,0.0606331
5817500,0.0408107
5818750,0.0547072
5821250,0.100622
5823750,0.00146735
5825000,0.0143791
5827500,0.0119125
5830000,0.009905
5831250,0.0836601
5833750,0.141577
5836250,0.138749
5837500,0.0880423
5840000,0.153136
5842500,0.068152
5843750,0.00585849
5846250,0.00915486
5848750,0.00457044
5850000,0.0359139
5852500,0.141482
5855000,0.0456744
5856250,0.129514
5858750,0.0869312
5861250,0.0360137
5862500,0.0546243
5865000,0.00131834
5867500,0.0167658
5868750,0.000171096
5871250,0.00105671
5873750,0.00680533
5875000,0.0971263
5877500,0.0705758
5880000,0.010236
5881250,0.0615121
5883750,0.0108646
5886250,0.0178419
5887500,0.0808525
5890000,0.100738
5892500,-8.47958e-05
5893750,0.00426874
5896250,0.00291438
5898750,0.00229911
5900000,0.0691525
5902500,0.00239701
5905000,0.0793448
5906250,0.0107848
5908750,0.00466038
5911250,0.124691
5912500,0.00136733
5915000,0.0640586
5917500,0.0104098
5918750,0.00135702
5921250,-0.000212549
5923750,0.101741
5925000,0.115568
5927500,0.0580276
5930000,0.06509
5931250,0.00905373
5933750,0.00621434
5936250,0.0118494
5937500,0.00319009
5940000,0.109978
5942500,0.122909
5943750,0.0198317
5946250,0.00878559
5948750,0.0178407
5950000,0.00172566
5952500,0.0102685
5955000,0.00757835
5956250,0.00312573
5958750,0.122901
5961250,0.0663154
5962500,0.0427606
5965000,0.00191363
5967500,0.0908449
5968750,0.00317851
5971250,0.0870476
5973750,0.00327132
5975000,0.0242012
5977500,0.089217
5980000,0.00362018
5981250,0.0959077
5983750,0.00219645
5986250,0.0541896
5987500,0.0002792
5990000,0.00182076
5992500,0.142127
5993750,0.0012999
5996250,0.00526868
5998750,0.020186
6000000,0.00885726
6002500,0.00076056
6005000,0.116676
6006250,0.00646432
6008750,0.0347969
6011250,0.0726964
6012500,0.0909437
6015000,0.0557529
6017500,0.0949486
6018750,0.00324222
6021250,0.113056
6023750,0.0127287
6025000,0.000414344
6027500,0.0105728
6030000,0.0900397
6031250,0.123658
6033750,0.133748
6036250,0.139153
6037500,0.0253438
6040000,0.0556296
6042500,0.0659155
6043750,0.00404338
6046250,0.101434
6048750,0.0126318
6050000,0.0584534
6052500,0.00500149
6055000,0.0217216
6056250,0.127976
6058750,0.0555939
6061250,0.0193375
6062500,0.0976708
6065000,0.0567687
6067500,0.00388638
6068750,0.000131838
6071250,0.0555712
6073750,0.00176034
6075000,0.147392
6077500,0.127567
6080000,0.000499334
6081250,0.0391997
6083750,0.0939872
6086250,0.000233492
6087500,0.127843
6090000,0.012655
6092500,0.0638117
6093750,0.023141
6096250,0.00723516
6098750,0.0108219
6100000,0.107513
6102500,0.0575211
6105000,0.0544172
6106250,0.00972286
6108750,0.0562344
6111250,0.0391997
6112500,0.00346179
6115000,0.03061
6117500,0.00069913
6118750,0.0106073
6121250,0.0236022
6123750,0.0659683
6125000,0.0624115
6127500,0.103661
6130000,0.0583038
6131250,0.0921242
6133750,0.0276625
6136250,0.0032418
6137500,2.97162e-06
6140000,0.0382787
6142500,0.0362047
6143750,0.0294778
6146250,0.00472469
6148750,0.0054269
6150000,0.0533268
6152500,0.0944336
6155000,0.0839926
6156250,0.00296725
6158750,0.0161638
6161250,0.00146735
6162500,0.120178
6165000,0.0716844
6167500,0.0789432
6168750,0.104028
6171250,0.0138334
6173750,0.0978486
6175000,0.00786611
6177500,0.00226284
6180000,0.0362497
6181250,0.0381391
6183750,0.00438353
6186250,0.00187138
6187500,0.0979872
6190000,0.0320382
6192500,0.160496
6193750,0.0605661
6196250,0.0319653
6198750,0.00740955
6200000,0.0360329
6202500,0.021945
6205000,0.00751552
6206250,0.0100816
6208750,0.0198602
6211250,0.00439051
6212500,0.00247395
6215000,0.000352667
6217500,0.0972795
6218750,0.010236
6221250,0.00944861
6223750,0.087697
6225000,0.0384549
6227500,0.065674
6230000,0.0125905
6231250,0.00275618
6233750,0.00275618
6236250,0.0525957
6237500,0.0430449
6240000,0.0621714
6242500,0.00554005
6243750,0.0628631
6246250,0.0999007
6248750,0.00286588
6250000,0.0450763
6252500,0.12435
6255000,0.0703814
6256250,0.00429891
6258750,0.0127938
6261250,0.0697783
6262500,0.076751
6265000,0.00301916
6267500,0.114508
6268750,0.0034533
6271250,0.00950201
6273750,0.0853361
6275000,0.039489
6277500,0.00872151
6280000,0.0665677
6281250,0.00446187
6283750,0.160815
6286250,0.00142195
6287500,0.0339898
6290000,0.10602
6292500,0.0422355
6293750,0.146057
6296250,0.0360329
6298750,0.0846297
6300000,0.0394184
6302500,0.00299327
6305000,0.00328567
6306250,0.00706717
6308750,0.00522063
6311250,0.000917603
6312500,0.0107296
6315000,0.0183721
6317500,0.0134543
6318750,0.006285
6321250,0.0358601
6323750,0.00579289
6325000,0.00361802
6327500,0.0297482
6330000,0.0642198
6331250,0.0698016
6333750,0.00679209
6336250,0.0117406
6337500,0.0113811
6340000,0.0377796
6342500,0.0365374
6343750,0.00380403
6346250,0.0722596
6348750,0.164505
6350000,0.0026645
6352500,0.00246103
6355000,0.0364926
6356250,0.00608642
6358750,0.0770467
6361250,0.00342923
6362500,0.0405278
6365000,0.160496
6367500,0.066955
6368750,0.0672523
6371250,0.00618118
6373750,0.00409523
6375000,0.0365131
6377500,0.0832977
6380000,0.0616189
6381250,0.010525
6383750,0.109446
6386250,0.0990024
6387500,0.128336
6390000,0.000952389
6392500,0.00327138
6393750,0.0323703
6396250,0.0438592
6398750,0.0508768
6400000,0.0260724
6402500,0.0536373
6405000,0.0992223
6406250,0.000728023
6408750,0.0120359
6411250,0.101061
6412500,0.00207454
6415000,0.000339169
6417500,0.135353
6418750,0.00495796
6421250,0.043765
6423750,0.0662083
6425000,0.00350571
6427500,0.0728677
6430000,0.108037
6431250,0.0396766
6433750,0.168212
6436250,0.0872686
6437500,0.0292662
6440000,0.00182713
6442500,0.00350656
6443750,0.067674
6446250,0.00326169
6448750,0.00960311
6450000,0.00223511
6452500,0.0466213
6455000,0.107632
6456250,0.0372345
6458750,0.0104739
6461250,0.0400732
6462500,0.111375
6465000,0.0139615
6467500,0.0229825
6468750,0.0380544
6471250,0.000675514
6473750,0.000154802
6475000,0.0026631
6477500,0.113326
6480000,0.0123985
6481250,0.11795
6483750,0.00371251
6486250,0.00387986
6487500,0.00604032
6490000,0.00399725
6492500,0.000569511
6493750,0.0566019
6496250,0.00203978
6498750,0.0959107
6500000,0.0683862
6502500,0.00400452
6505000,0.0140412
6506250,0.113369
6508750,0.00303251
6511250,0.081984
6512500,0.0498027
6515000,0.0132433
6517500,0.00154371
6518750,0.0244271
6521250,0.0643804
6523750,0.00236355
6525000,0.00396437
6527500,0.0447525
6530000,0.0773435
6531250,0.046098
6533750,0.111128
6536250,0.00274827
6537500,0.000194972
6540000,0.0056776
6542500,0.00281329
6543750,0.0351641
6546250,0.039286
6548750,0.0543385
6550000,0.0133378
6552500,0.0767131
6555000,0.104104
6556250,0.0366488
6558750,0.00166835
6561250,0.0508887
6562500,0.138076
6565000,0.00427033
6567500,0.0881891
6568750,0.0160078
6571250,0.000727498
6573750,0.0548873
6575000,0.00543245
6577500,0.0377825
6580000,0.0108409
6581250,0.0938616
6583750,0.00179692
6586250,0.0228761
6587500,0.161448
6590000,0.00362826
6592500,0.00608862
6593750,0.0154786
6596250,0.00721024
6598750,0.00509664
6600000,0.011914
6602500,0.0294783
6605000,0.159238
6606250,0.00376558
6608750,0.0413065
6611250,0.0138309
6612500,0.00114884
6615000,0.169676
6617500,0.00484595
6618750,0.0305276
6621250,0.0649851
6623750,0.0214258
6625000,0.000182648
6627500,0.0450858
6630000,0.101571
6631250,0.010445
6633750,0.11374
6636250,0.131659
6637500,0.0782875
6640000,0.0214803
6642500,0.00189835
6643750,0.0362926
6646250,0.00390441
6648750,0.00090878
6650000,0.117364
6652500,4.21836e-05
6655000,0.000584248
6656250,0.0398402
6658750,0.00632406
6661250,0.0652501
6662500,0.00564823
6665000,0.0211172
6667500,0.00128485
6668750,0.0402884
6671250,0.0381614
6673750,0.0151082
6675000,0.0851238
6677500,0.000662054
6680000,0.0371316
6681250,0.0935163
6683750,0.0840527
6686250,0.123499
6687500,0.0155903
6690000,0.0696121
6692500,0.118521
6693750,0.000669949
6696250,2.04029e-05
6698750,0.00214201
6700000,0.125027
6702500,0.018708
6705000,0.0127331
6706250,0.098731
6708750,0.086375
6711250,0.0686137
6712500,0.0115062
6715000,0.00298815
6717500,0.000978699
6718750,0.00123233
6721250,0.000450912
6723750,0.133755
6725000,0.000774996
6727500,0.106209
6730000,0.0155155
6731250,0.00213874
6733750,0.00460941
6736250,0.0399002
6737500,0.0886652
6740000,0.00679907
6742500,0.00301744
6743750,0.086731
6746250,0.0378425
6748750,0.000584304
6750000,0.00275051
6752500,0.0872283
6755000,0.00836075
6756250,0.0268405
6758750,0.0192806
6761250,0.0726931
6762500,0.00875437
6765000,0.00932899
6767500,0.0601848
6768750,0.0593629
6771250,0.00470804
6773750,0.00558441
6775000,0.106975
6777500,0.0656241
6780000,0.0104679
6781250,0.0899886
6783750,0.161734
6786250,0.0596004
6787500,0.000248612
6790000,0.00619594
6792500,0.0306484
6793750,0.00639963
6796250,0.059657
6798750,0.00616169
6800000,0.163761
6802500,0.167408
6805000,0.0984255
6806250,0.0141994
6808750,0.0910528
6811250,0.00830802
6812500,0.149689
6815000,0.0120907
6817500,0.122453
6818750,0.00563056
6821250,0.00287314
6823750,0.0450763
6825000,0.00473935
6827500,0.0934337
6830000,0.0106289
6831250,0.0152768
6833750,0.00961716
6836250,0.124261
6837500,0.0125874
6840000,0.0360836
6842500,0.00389243
6843750,0.0663606
6846250,0.0127217
6848750,0.117925
6850000,0.117737
6852500,0.00220471
6855000,0.00427836
6856250,0.110772
6858750,0.00601479
6861250,0.064259
6862500,0.0969211
6865000,0.00165765
6867500,0.0109336
6868750,0.1226
6871250,0.0390323
6873750,0.116284
6875000,0.0614425
6877500,0.0364234
6880000,0.0518873
6881250,0.00299055
6883750,0.0675082
6886250,0.065046
6887500,0.0989987
6890000,0.0507986
6892500,0.00760809
6893750,0.00204736
6896250,0.0763451
6898750,0.124873
6900000,0.0042342
6902500,0.044901
6905000,0.000143961
6906250,0.0484459
6908750,0.0125083
6911250,0.0045747
6912500,0.116284
6915000,0.0319739
6917500,0.011631
6918750,0.0463134
6921250,0.00696359
6923750,0.117327
6925000,0.100647
6927500,0.0656963
6930000,0.0262487
6931250,0.0204241
6933750,0.00510705
6936250,0.007811
6937500,0.000188908
6940000,0.000383478
6942500,0.0543616
6943750,0.0131372
6946250,0.0624108
6948750,0.00410294
6950000,0.128535
6952500,0.00628504
6955000,0.00194889
6956250,0.0507858
6958750,0.0435366
6961250,0.00270679
6962500,0.11174
6965000,0.0547156
6967500,0.0692259
6968750,0.0866953
6971250,0.0556768
6973750,0.00210805
6975000,0.0373674
6977500,0.0434351
6980000,0.104492
6981250,0.0863125
6983750,0.096286
6986250,0.0496079
6987500,0.08768
6990000,0.166941
6992500,0.00459586
6993750,0.00504445
6996250,0.00524414
6998750,0.00623566
7000000,0.06423
7002500,0.055764
7005000,0.0387743
7006250,0.0148444
7008750,0.030391
7011250,0.0572762
7012500,0.000222946
7015000,0.0157269
7017500,0.0892036
7018750,0.0427219
7021250,0.150826
7023750,0.0942756
7025000,0.0151859
7027500,0.0663796
7030000,0.0381185
7031250,0.128037
7033750,0.0022461
7036250,0.0476186
7037500,0.0056575
7040000,0.0602353
7042500,0.112826
7043750,0.0230015
7046250,0.0315499
7048750,0.00274245
7050000,0.0743697
7052500,0.00306583
7055000,0.103156
7056250,0.000291179
7058750,0.0740176
7061250,0.0709896
7062500,0.098646
7065000,0.00122713
7067500,0.0805787
7068750,0.00779479
7071250,0.00406605
7073750,0.0126119
7075000,0.00286882
7077500,0.00202814
7080000,0.00411911
7081250,0.00353635
7083750,0.0412705
7086250,0.00631738
7087500,0.0127535
7090000,0.00333092
7092500,0.00437406
7093750,0.106316
7096250,0.00226334
7098750,0.162056
7100000,0.0231637
7102500,0.00679292
7105000,0.00753071
7106250,0.0856518
7108750,0.0683563
7111250,0.0815538
7112500,0.011774
7115000,0.143647
7117500,0.0283643
7118750,0.00656819
7121250,0.0793665
7123750,0.0395857
7125000,0.00848561
7127500,0.0482644
7130000,0.00380492
7131250,0.0763016
7133750,0.111451
7136250,0.081339
7137500,0.0219162
7140000,0.150383
7142500,0.138728
7143750,0.00168792
7146250,0.00641401
7148750,0.0211307
7150000,0.00670167
7152500,0.0283588
7155000,0.00191947
7156250,0.0310062
7158750,0.0239207
7161250,0.0420435
7162500,0.00324222
7165000,0.00950859
7167500,0.107423
7168750,0.00316375
7171250,0.0752754
7173750,0.00656152
7175000,0.0987798
7177500,0.0114301
7180000,0.00527575
7181250,0.0018779
7183750,0.0767879
7186250,0.00943214
7187500,0.14285
7190000,0.121852
7192500,0.000982655
7193750,0.0405112
7196250,0.098934
7198750,0.0157833
7200000,0.0229793
7202500,0.00574999
7205000,0.112241
7206250,0.00421593
7208750,0.038223
7211250,0.0105667
7212500,0.0960131
7215000,0.0987582
7217500,0.00205121
7218750,0.0697615
7221250,0.000488969
7223750,0.00209784
7225000,0.106295
7227500,0.0443769
7230000,0.120224
7231250,0.00311601
7233750,0.0114115
7236250,0.00475065
7237500,0.0406747
7240000,0.0429568
7242500,0.0130968
7243750,0.0931316
7246250,0.0825686
7248750,0.00349041
7250000,0.0198149
7252500,0.0572764
7255000,0.0967427
7256250,0.0401985
7258750,0.0118407
7261250,0.000383478
7262500,0.0130587
7265000,0.0882585
7267500,0.00151366
7268750,0.0703095
7271250,0.00504222
7273750,0.00223133
7275000,0.132612
7277500,0.0648363
7280000,0.00579432
7281250,0.00285924
7283750,0.000660138
7286250,0.0402711
7287500,0.00372006
7290000,0.0862321
7292500,0.0928266
7293750,0.145624
7296250,0.000958241
7298750,0.00377076
7300000,0.00496337
7302500,0.00474486
7305000,-1.89023e-05
7306250,0.0502681
7308750,0.00235951
7311250,0.00135805
7312500,0.0642572
7315000,0.0161916
7317500,0.107961
7318750,0.131098
7321250,0.0146462
7323750,0.115986
7325000,0.103284
7327500,0.0302045
7330000,0.0841798
7331250,0.110752
7333750,0.133489
7336250,0.0826755
7337500,0.0149674
7340000,0.00191453
7342500,0.0398542
7343750,0.00155857
7346250,0.0159848
7348750,0.109293
7350000,0.0597445
7352500,0.00300914
7355000,0.00366881
7356250,0.00570478
7358750,0.00222593
7361250,0.0311783
7362500,0.00943171
7365000,0.00401851
7367500,0.00156524
7368750,0.0578961
7371250,0.0232751
7373750,0.00300961
7375000,0.0393564
7377500,0.0289194
7380000,0.104786
7381250,0.115046
7383750,0.128485
7386250,0.0256163
7387500,0.0148365
7390000,0.00564981
7392500,0.0315365
7393750,0.113137
7396250,0.0303649
7398750,0.00153197
7400000,-8.17691e-05
7402500,0.0549641
7405000,0.0987246
7406250,0.008386
7408750,0.0138057
7411250,0.0927159
7412500,0.0745799
7415000,0.00571737
7417500,0.000700758
7418750,0.0921397
7421250,0.0207231
7423750,0.10625
7425000,0.0494979
7427500,0.077575
7430000,0.0565709
7431250,0.0248916
7433750,0.0563337
7436250,0.00100315
7437500,0.0665816
7440000,0.00484538
7442500,0.0331511
7443750,0.0151605
7446250,0.00319133
7448750,0.0643308
7450000,0.0164124
7452500,0.00227771
7455000,0.0575313
7456250,0.0752392
7458750,0.00630385
7461250,0.00152145
7462500,0.0120912
7465000,0.0763394
7467500,0.149
7468750,0.114577
7471250,0.00324826
7473750,0.107439
7475000,0.012685
7477500,0.0129222
7480000,0.0673326
7481250,0.00405176
7483750,0.00423042
7486250,0.0837098
7487500,0.0446952
7490000,0.00143433
7492500,0.00357477
7493750,0.0238487
7496250,0.0295325
7498750,0.118615
7500000,0.139153
7502500,0.0109777
7505000,0.00482508
7506250,0.00625019
7508750,0.0465909
7511250,0.00756746
7512500,0.00545948
7515000,0.00128769
7517500,0.0685473
7518750,0.00468132
7521250,0.0373574
7523750,0.00239006
7525000,0.00971525
7527500,0.0816532
7530000,0.112538
7531250,0.126947
7533750,0.133186
7536250,0.0491072
7537500,0.0462087
7540000,0.011691
7542500,0.0401469
7543750,0.0628689
7546250,0.067806
7548750,0.0017854
7550000,0.00424271
7552500,0.038101
7555000,0.142609
7556250,0.00339234
7558750,0.017565
7561250,0.00593829
7562500,0.0613437
7565000,0.0456996
7567500,0.00208727
7568750,0.00587223
7571250,0.0976693
7573750,0.130386
7575000,0.000980095
7577500,0.0207359
7580000,0.108997
7581250,0.00455658
7583750,0.0894375
7586250,0.0886474
7587500,0.156211
7590000,0.0388889
7592500,0.129656
7593750,0.0384991
7596250,0.0148526
7598750,0.0741524
7600000,0.131964
7602500,0.0546476
7605000,0.011013
7606250,0.0603364
7608750,0.112114
7611250,0.040436
7612500,0.00476549
7615000,0.00303233
7617500,0.0400997
7618750,0.117327
7621250,0.00272527
7623750,0.0153117
7625000,0.00209562
7627500,0.00285432
7630000,0.031356
7631250,0.000935642
7633750,0.0311783
7636250,0.0463623
7637500,0.0381061
7640000,0.00906155
7642500,0.00108895
7643750,0.0151018
7646250,0.0229067
7648750,0.000320391
7650000,0.00446709
7652500,0.012149
7655000,0.116284
7656250,0.0460188
7658750,0.00417417
7661250,0.106392
7662500,0.0164997
7665000,0.0790766
7667500,0.13044
7668750,0.00400329
7671250,0.00329074
7673750,0.11922
7675000,0.0634437
7677500,0.0895362
7680000,0.0787383
7681250,0.014148
7683750,0.104931
7686250,0.0152753
7687500,0.00758884
7690000,0.00361429
7692500,0.159238
7693750,0.00461393
7696250,0.124968
7698750,0.0977677
7700000,0.0952645
7702500,0.00010583
7705000,0.00344441
7706250,0.0340669
7708750,0.00351866
7711250,0.00548498
7712500,0.0224768
7715000,0.00461533
7717500,0.000418461
7718750,0.00350291
7721250,0.00617427
7723750,0.0302367
7725000,0.00366558
7727500,0.0243686
7730000,0.0160827
7731250,0.019521
7733750,0.00473039
7736250,0.0145178
7737500,0.0428014
7740000,0.0585328
7742500,0.0195907
